<?xml version="1.0" encoding="UTF-8"?>
<odoo>
    <data noupdate="1">
        <record id="external_statement_payment_methods_tcredito" model="external.statement.payment.methods">
            <field name="name">C</field>
            <field name="description">T.Crédito</field>
        </record>
        <record id="external_statement_payment_methods_maestro" model="external.statement.payment.methods">
            <field name="name">M</field>
            <field name="description">Maestro</field>
        </record>
        <record id="external_statement_payment_methods_argencar" model="external.statement.payment.methods">
            <field name="name">S</field>
            <field name="description">Argencar</field>
        </record>
        <record id="external_statement_payment_methods_ticket_nacion" model="external.statement.payment.methods">
            <field name="name">N</field>
            <field name="description">Ticket Nacion</field>
        </record>
        <record id="external_statement_payment_methods_tarjeta_mas" model="external.statement.payment.methods">
            <field name="name">J</field>
            <field name="description">Tarjeta MAS</field>
        </record>
        <record id="external_statement_payment_methods_tarjeta_cmr" model="external.statement.payment.methods">
            <field name="name">F</field>
            <field name="description">Tarjeta CMR</field>
        </record>
        <record id="external_statement_payment_methods_tarjeta_lider" model="external.statement.payment.methods">
            <field name="name">F</field>
            <field name="description">Tarjeta Lider</field>
        </record>
        <record id="external_statement_payment_methods_diners" model="external.statement.payment.methods">
            <field name="name">G</field>
            <field name="description">Diners</field>
        </record>
        <record id="external_statement_payment_methods_master_debit" model="external.statement.payment.methods">
            <field name="name">H</field>
            <field name="description">Master Debit</field>
        </record>
        <record id="external_statement_payment_methods_visa_credito" model="external.statement.payment.methods">
            <field name="name">K</field>
            <field name="description">Visa Credito</field>
        </record>
        <record id="external_statement_payment_methods_visa_debito" model="external.statement.payment.methods">
            <field name="name">Y</field>
            <field name="description">Visa Debito</field>
        </record>
    </data>
</odoo>
