<?xml version="1.0" encoding="UTF-8"?>
<odoo noupdate="1">

    <record id="settlement_tax_arancel" model="settlement.tax">
        <field name="name">Arancel</field>
        <field name="type">net</field>
        <field name="product_id" ref="product_arancel"/>
        <field name="active">True</field>
    </record>

    <record id="settlement_tax_iva_aranceles_ri" model="settlement.tax">
        <field name="name">IVA Aranceles R.I.</field>
        <field name="type">tax</field>
        <field name="parent_id" ref="settlement_tax_arancel"/>
        <field name="tax_id" ref="fs_external_statement.account_tax_aranceles_ri"/>
        <field name="active">True</field>
    </record>

    <record id="settlement_tax_impuesto_deb_cred" model="settlement.tax">
        <field name="name">Impuesto Débito / Crédito</field>
        <field name="type">tax</field>
        <field name="parent_id" ref="settlement_tax_arancel"/>
        <field name="tax_id" ref="account_tax_impuesto_deb_cred"/>
        <field name="active">True</field>
    </record>

    <record id="settlement_tax_iva_dto_pago_anticipado" model="settlement.tax">
        <field name="name">IVA Dto. Pago Anticipado</field>
        <field name="type">tax</field>
        <field name="parent_id" ref="settlement_tax_arancel"/>
        <field name="tax_id" ref="account_tax_iva_dto_pago_anticipado"/>
        <field name="active">True</field>
    </record>

    <record id="settlement_tax_ret_iva_ventas" model="settlement.tax">
        <field name="name">Retención IVA Ventas</field>
        <field name="type">tax</field>
        <field name="parent_id" ref="settlement_tax_arancel"/>
        <field name="tax_id" ref="account_tax_ret_iva_ventas"/>
        <field name="active">True</field>
    </record>

    <record id="settlement_tax_percepcion_anticipada_iva" model="settlement.tax">
        <field name="name">Percepción Anticipada IVA</field>
        <field name="type">tax</field>
        <field name="parent_id" ref="settlement_tax_arancel"/>
        <field name="tax_id" ref="account_tax_percepcion_anticipada_iva"/>
        <field name="active">True</field>
    </record>

    <record id="settlement_tax_ret_imp_ganancias" model="settlement.tax">
        <field name="name">Retención Impuesto a las Ganancias</field>
        <field name="type">tax</field>
        <field name="parent_id" ref="settlement_tax_arancel"/>
        <field name="tax_id" ref="account_tax_ret_imp_ganancias"/>
        <field name="active">True</field>
    </record>

    <record id="settlement_tax_ret_imp_ingresos_brutos" model="settlement.tax">
        <field name="name">Retención Ingresos Brutos</field>
        <field name="type">tax</field>
        <field name="parent_id" ref="settlement_tax_arancel"/>
        <field name="tax_id" ref="account_tax_ret_imp_ingresos_brutos"/>
        <field name="active">True</field>
    </record>

    <record id="settlement_tax_percepcion_ingresos_brutos" model="settlement.tax">
        <field name="name">Percepción Ingresos Brutos</field>
        <field name="type">tax</field>
        <field name="parent_id" ref="settlement_tax_arancel"/>
        <field name="tax_id" ref="account_tax_percepcion_ingresos_brutos"/>
        <field name="active">True</field>
    </record>

    <record id="settlement_tax_iva_servicios" model="settlement.tax">
        <field name="name">IVA Servicios</field>
        <field name="type">tax</field>
        <field name="parent_id" ref="settlement_tax_arancel"/>
        <field name="tax_id" ref="account_tax_iva_servicios"/>
        <field name="active">True</field>
    </record>

    <record id="settlement_tax_impuesto_ley_25063" model="settlement.tax">
        <field name="name">Impuesto Ley 25063</field>
        <field name="type">tax</field>
        <field name="parent_id" ref="settlement_tax_arancel"/>
        <field name="tax_id" ref="account_tax_impuesto_ley_25063"/>
        <field name="active">True</field>
    </record>

    <record id="settlement_tax_costo_financiero" model="settlement.tax">
        <field name="name">Costo Financiero</field>
        <field name="type">tax</field>
        <field name="parent_id" ref="settlement_tax_arancel"/>
        <field name="tax_id" ref="account_tax_costo_financiero"/>
        <field name="active">True</field>
    </record>

    <record id="settlement_tax_ing_brutos_cba" model="settlement.tax">
        <field name="name">Ingresos Brutos Córdoba</field>
        <field name="type">tax</field>
        <field name="parent_id" ref="settlement_tax_arancel"/>
        <field name="tax_id" ref="account_tax_ing_brutos_cba"/>
        <field name="active">True</field>
    </record>

    <record id="settlement_tax_saldo_deudor" model="settlement.tax">
        <field name="name">Saldo Deudor</field>
        <field name="type">tax</field>
        <field name="parent_id" ref="settlement_tax_arancel"/>
        <field name="tax_id" ref="account_tax_saldo_deudor"/>
        <field name="active">True</field>
    </record>

    <record id="settlement_tax_sellados" model="settlement.tax">
        <field name="name">Sellados</field>
        <field name="type">tax</field>
        <field name="parent_id" ref="settlement_tax_arancel"/>
        <field name="tax_id" ref="account_tax_sellados"/>
        <field name="active">True</field>
    </record>

</odoo>